INSERT INTO `user` (`id`, `type`, `email`, `username`, `password`, `activity`, `created`, `updated`) VALUES
(30, 1, 'sample@email.tst', 'menard', '9f5ab0cd889e06d101d3e45e0296ed23', '2014-05-14 02:39:43', '2013-12-09 23:25:48', '2014-03-05 09:21:09'),
(31, 1, 'jaycu@gmail.com', 'jaycu', '9f5ab0cd889e06d101d3e45e0296ed23', '2014-05-14 02:39:43', '2013-12-10 23:59:17', ''),
(32, 1, 'test@test.com', 'test', 'ae2b1fca515949e5d54fb22b8ed95575', '2014-05-14 02:39:43', '2013-12-14 13:18:10', ''),
(33, 1, '', '', '', '2014-05-14 02:39:43', '2013-12-15 00:02:01', '0000-00-00 00:00:00'),
(34, 1, 'ilyas@gmail.com', 'ilyas', '3ea4a8e4d7a95ace878f907ab8b72d1b', '2014-05-14 02:39:43', '2013-12-15 17:44:22', '2013-12-15 12:25:09'),
(35, 1, 'asd@asd123.com', 'pepe', '06c8a0bc3c1c0d0456341fc892039fc8', '2014-05-14 02:39:43', '2013-12-19 04:13:50', ''),
(36, 1, 'abc@yahoo.com', 'abc', '900150983cd24fb0d6963f7d28e17f72', '2014-05-14 02:39:43', '2013-12-20 16:00:48', ''),
(37, 1, 'sbederi@gmail.com', 'sbederi', 'e9d02936f996ec2768dcf1989e1d42eb', '2014-05-14 02:39:43', '2014-01-06 07:39:32', '2014-01-07 18:39:12'),
(38, 1, 'da.vibe@hotmail.com', 'DBederi', 'e8f7b8b18c541378c54bfa30f7947829', '2014-05-14 02:39:43', '2014-01-06 08:56:06', ''),
(39, 1, 'jasper_frederick02@yahoo.com', 'jasper_frederick02', '347efb63414eb263159a736543aad653', '2014-05-14 02:39:43', '2014-01-06 10:45:14', '2014-01-07 12:28:37'),
(40, 1, '3conceptz@gmail.com', 'Z3mama', 'dff5b99208914dadad6c839d2de0b6ac', '2014-05-14 02:39:43', '2014-01-06 14:27:01', '2014-01-07 03:30:16'),
(41, 1, 'ilyas@checkapp.asia', 'ilyas2', '0d58cb6d6eca88f59cba3799de36b372', '2014-05-14 02:39:43', '2014-01-06 15:59:57', ''),
(42, 1, 'zach.bederi@gmail.com', 'zach bederi', '5741d2fa6ff34e6c0118994e7fd9f5a9', '2014-05-14 02:39:43', '2014-01-06 20:01:14', ''),
(43, 1, 'mel_ranola@yahoo.com', 'mel_ranola', '5d76beffe761403531a6eb339e0f0231', '2014-05-14 02:39:43', '2014-01-06 20:49:04', ''),
(44, 1, 'ruelminds@mac.com', 'Leur', '9e7fa2e06725093c93c885b37036317c', '2014-05-14 02:39:43', '2014-01-06 20:52:53', ''),
(45, 1, 'gapragudo2@gmail.com', 'Gabriel Phillip Ragudo', 'a3dcb4d229de6fde0db5686dee47145d', '2014-05-14 02:39:43', '2014-01-06 22:55:07', ''),
(46, 1, 'phillip_ragudo@yahoo.com', 'Felipe W. Ragudo', '63dff83e4483dc088ad94a3de8943835', '2014-05-14 02:39:43', '2014-01-06 22:55:27', ''),
(47, 1, 'p_ragudo@yahoo.com', 'lipip', 'a8f5f167f44f4964e6c998dee827110c', '2014-05-14 02:39:43', '2014-01-06 23:04:49', '2014-01-07 12:12:15'),
(48, 1, 'bederi.stella@gmail.com', 'chinbederi87', '1f9fca1feed543ff0fd981a157e159cd', '2014-05-14 02:39:43', '2014-01-07 01:51:27', ''),
(49, 1, 'bbederi@gmail.com', 'buck bederi II', '02ae80d3ed12356cb95f3e15d28dda34', '2014-05-14 02:39:43', '2014-01-07 13:41:06', ''),
(50, 1, 'simple_days2000@yahoo.com', 'dairan03', 'fc721c07de307ab6e6285c3ec9bb54b3', '2014-05-14 02:39:43', '2014-01-07 16:45:22', ''),
(51, 1, 'winnie.ragudo@gmail.com', 'Winnie Ragudo', 'c2fc3ef12f5e28f3b4bec1705eb73359', '2014-05-14 02:39:43', '2014-01-07 22:45:46', ''),
(52, 1, 'Marifler@yahoo.com', 'Fler', 'a4b02c4a8e64c13e22a7b4bee76d14ff', '2014-05-14 02:39:43', '2014-01-08 06:29:20', ''),
(53, 1, 'alex.azurin@yahoo.com', 'Alex Azurin', 'c6dad9264fb53a668b4ee0659213f8c4', '2014-05-14 02:39:43', '2014-01-08 08:27:46', ''),
(54, 1, 'heschlx@yahoo.com', 'Jeff Michael de la rosa ', '331f84902e94f8eba9b77bb149126a1f', '2014-05-14 02:39:43', '2014-01-08 20:09:03', ''),
(55, 1, 'emz_lyn18@yahoo.com', 'em bernardino', '7d42fafd80e159be88fc06367265fd9f', '2014-05-14 02:39:43', '2014-01-08 22:13:37', '2014-01-09 11:27:24'),
(56, 1, 'qwert@qwet.com', 'qwert', 'a384b6463fc216a5f8ecb6670f86456a', '2014-05-14 02:39:43', '2014-01-09 01:28:17', '2014-01-09 15:50:16'),
(57, 1, 'lgcale@gmail.com', 'louie', '0f359740bd1cda994f8b55330c86d845', '2014-05-14 02:39:43', '2014-01-09 09:03:31', ''),
(58, 1, 'rai_perjes08@yahoo.com', 'Raia Isabella', 'c3b6bf5f1d2f4b48b12865bfa07bc4ad', '2014-05-14 02:39:43', '2014-01-10 14:08:17', ''),
(59, 1, 'rinnamariee@gmail.com', 'rinnamarie', 'dd5c678d88c2d3a34402cff150fb1ef0', '2014-05-14 02:39:43', '2014-01-10 14:37:01', ''),
(60, 1, 'infantelalaine@gmail.com', 'Lala09', '917cefd8ae06bae259538a9b022e4bca', '2014-05-14 02:39:43', '2014-01-11 02:53:22', ''),
(61, 1, 'myatsq@yahoo.com', 'ana q', '5cb15f68c6b7b7bced9079f27d880ec5', '2014-05-14 02:39:43', '2014-01-11 12:40:58', ''),
(62, 1, 'dermcorner@yahoo.com', 'bertex', '5c101884a49c50f03ca3e6a01ef529c7', '2014-05-14 02:39:43', '2014-01-11 14:06:54', ''),
(63, 1, 'jabber.janna@gmail.com', 'janna17', '6ff1f49f186b15df83533f6b87d395c8', '2014-05-14 02:39:43', '2014-01-11 17:41:08', ''),
(64, 1, 'ryan.escarez@gmail.com', 'ryan.escarez', '2ffbb2526fa74d25b9f5a2a273b8b355', '2014-05-14 02:39:43', '2014-01-12 23:48:31', ''),
(65, 1, 'salivatears@gmail.com', 'salivatears', 'c2c566e0e866d55fafb43f9ea3723600', '2014-05-14 02:39:43', '2014-01-12 23:48:53', ''),
(66, 1, 'juan@me.com', 'juan', 'c62d929e7b7e7b6165923a5dfc60cb56', '2014-05-14 02:39:43', '2014-01-12 23:49:00', ''),
(67, 1, 'juan@me.de', 'juanthree', 'c62d929e7b7e7b6165923a5dfc60cb56', '2014-05-14 02:39:43', '2014-01-12 23:52:34', ''),
(68, 1, 'menardjaycu2@gmail.com', 'menard69', 'a8f5f167f44f4964e6c998dee827110c', '2014-05-14 02:39:43', '2014-02-10 13:26:12', ''),
(69, 1, 'carla@pat.com', 'carlapat', '1fa4a2211b4e290f2a066de6b84187ec', '2014-05-14 02:39:43', '2014-02-11 16:51:11', ''),
(70, 1, 'dardsmindworks@gmail.com', 'patient01', '3c386dcc8e8cb6edddb864fd71d46375', '2014-05-14 02:39:43', '2014-02-12 10:40:09', ''),
(71, 1, 'menardjaycu@gmail.com', 'whattest', '9f5ab0cd889e06d101d3e45e0296ed23', '2014-05-14 02:39:43', '2014-02-16 09:37:13', ''),
(72, 1, 'joshua.martizano@gmail.com', 'joshmarty', 'd8578edf8458ce06fbc5bb76a58c5ca4', '2014-05-14 02:39:43', '2014-02-25 06:28:35', ''),
(73, 1, 'edmark_sanchez@yahoo.com', 'superuser', 'd8578edf8458ce06fbc5bb76a58c5ca4', '2014-05-14 02:39:43', '2014-02-25 10:38:22', ''),
(74, 1, 'jetriconew@gmail.com', 'dragonjet', 'd8578edf8458ce06fbc5bb76a58c5ca4', '2014-05-14 02:39:43', '2014-02-25 10:46:45', ''),
(75, 1, 'ken.mersado@gmail.com', 'agentk', 'd8578edf8458ce06fbc5bb76a58c5ca4', '2014-05-14 02:39:43', '2014-02-26 04:08:17', ''),
(76, 1, 'edmarkharold@gmail.com', 'edsss', 'd8578edf8458ce06fbc5bb76a58c5ca4', '2014-05-14 02:39:43', '2014-02-28 10:31:30', ''),
(77, 1, '', 'superuser', '0074d849a5ced07d7f58249ebf7eee9d', '2014-05-14 02:39:43', '2014-02-28 10:39:04', ''),
(78, 1, 'e@o.com', 'nnn', 'd8578edf8458ce06fbc5bb76a58c5ca4', '2014-05-14 02:39:43', '2014-03-01 08:23:02', ''),
(79, 1, 'fb.japajarillo@gmail.com', 'fb.japajarillo', 'd8578edf8458ce06fbc5bb76a58c5ca4', '2014-05-14 02:39:43', '2014-03-01 11:44:49', '2014-03-05 23:45:24'),
(80, 1, 'bryanroymendoza@gmail.com', 'lastroy', 'd8578edf8458ce06fbc5bb76a58c5ca4', '2014-05-14 02:39:43', '2014-03-01 14:01:28', ''),
(81, 1, 'superuser@s.com', 'superuser@s.u', 'd8578edf8458ce06fbc5bb76a58c5ca4', '2014-05-14 02:39:43', '2014-03-01 14:19:21', ''),
(82, 1, 'dontwanncloseyoureyes@gmail.com', 'dontwanna', '742a2d5b4726f2fad1136a40c6e5736a', '2014-05-14 02:39:43', '2014-03-05 04:24:33', ''),
(83, 1, 'patient@admin.com', 'patient@admin.com', 'd8578edf8458ce06fbc5bb76a58c5ca4', '2014-05-14 02:39:43', '2014-03-06 00:38:06', ''),
(84, 2, 'menardjaycu1@gmail.com', 'menardcu', '9f5ab0cd889e06d101d3e45e0296ed23', '2014-05-14 02:39:43', '0000-00-00 00:00:00', ''),
(85, 2, 'salivatzxzxz', 'rafael', '9135d8523ad3da99d8a4eb83afac13d1', '2014-05-14 02:39:43', '0000-00-00 00:00:00', ''),
(86, 2, 'syed@checkapp.asia', 'checkapp', 'e9d02936f996ec2768dcf1989e1d42eb', '2014-05-14 02:39:43', '0000-00-00 00:00:00', ''),
(87, 2, 'stella.bederi@hotmail.com', 'DrBederi', '1f9fca1feed543ff0fd981a157e159cd', '2014-05-14 02:39:43', '0000-00-00 00:00:00', ''),
(88, 2, 'raremon@gmail.com', 'raremon', '2e972b14c2eb71db8828b89cfad77e0a', '2014-05-14 02:39:43', '0000-00-00 00:00:00', ''),
(89, 2, 'drteh@medicine.com.my', 'Alan Teh', 'c559fc9be2e3fe04d4a42dd6b9b63435', '2014-05-14 02:39:43', '0000-00-00 00:00:00', ''),
(90, 2, 'ooi.clinic@gmail.com', 'doc001', 'c8581f2a7e4d2fec82b15548962c0b0f', '2014-05-14 02:39:43', '0000-00-00 00:00:00', ''),
(91, 2, 'rescarez@gmail.com', 'rescarez', '2ffbb2526fa74d25b9f5a2a273b8b355', '2014-05-14 02:39:43', '0000-00-00 00:00:00', ''),
(92, 2, 'juan@me.me', 'juanto', 'c62d929e7b7e7b6165923a5dfc60cb56', '2014-05-14 02:39:43', '0000-00-00 00:00:00', ''),
(93, 2, 'abc1@yahoo.com', 'abc1', '23734cd52ad4a4fb877d8a1e26e5df5f', '2014-05-14 02:39:43', '0000-00-00 00:00:00', ''),
(94, 2, 'asdf@asdf.com', 'asdf', '912ec803b2ce49e4a541068d495ab570', '2014-05-14 02:39:43', '2014-01-30 15:31:10', ''),
(95, 2, 'carla@carla.com', 'carla', '1fa4a2211b4e290f2a066de6b84187ec', '2014-05-14 02:39:43', '2014-02-11 16:49:56', ''),
(96, 2, 'salivatears@yahoo.com', 'drrafael', '156c0d646e0e7704a443f9fd9bff08da', '2014-05-14 02:39:43', '2014-02-11 20:30:16', ''),
(97, 2, 'dardsmindworks@yahoo.com', 'Physician01', '28a76f841ed138bc9a718e205992081e', '2014-05-14 02:39:43', '2014-02-12 10:36:06', ''),
(98, 2, 'ledoctor@lels.com', 'ledoctor', 'd8578edf8458ce06fbc5bb76a58c5ca4', '2014-05-14 02:39:43', '2014-02-22 16:15:07', ''),
(99, 2, 'ken_mersado@yahoo.com', 'melchorm', 'd8578edf8458ce06fbc5bb76a58c5ca4', '2014-05-14 02:39:43', '2014-02-25 05:49:44', ''),
(100, 2, 'joshua.martizano@yahoo.com', 'angelo', 'd8578edf8458ce06fbc5bb76a58c5ca4', '2014-05-14 02:39:43', '2014-02-25 06:22:06', ''),
(101, 2, 'edmarkharolds@gmail.com', 'dev', 'd8578edf8458ce06fbc5bb76a58c5ca4', '2014-05-14 02:39:43', '2014-02-28 10:32:44', ''),
(102, 2, 'git.japajarillo@gmail.com', 'git.japajarillo', 'd8578edf8458ce06fbc5bb76a58c5ca4', '2014-05-14 02:39:43', '2014-03-01 11:55:06', ''),
(103, 2, 's@yahoo.com', 'tansler', 'd8578edf8458ce06fbc5bb76a58c5ca4', '2014-05-14 02:39:43', '2014-03-05 01:26:02', ''),
(104, 2, 'testing@test.test', 'testing_', 'd8578edf8458ce06fbc5bb76a58c5ca4', '2014-05-14 02:39:43', '2014-03-10 04:29:51', '');

INSERT INTO `user_profile` (`user_id`, `title`, `first_name`, `middle_name`, `last_name`, `address1`, `address2`, `gender`, `birthdate`, `num_landline`, `num_phone1`, `num_phone2`, `c_skype`, `c_msn`, `c_yahoo`, `c_gtalk`, `coord_lat`, `coord_lng`, `profile_pic`, `updated`) VALUES
(30, '2', 'rypoohqj', '', 'ggjiretn', '3137 Laguna Street', 'DZ', 1, '2014-02-11 00:00:00', '', '555-666-0606', 'W', '1', '', 'sample@email.tst', '1', 14.641809463501, 121.022964477539, '', '2014-03-05 09:21:09'),
(31, '2', 'gg', '', 'jjj', '', '', 0, '2014-02-11 00:00:00', '', '', 'W', '', '', '', '', 14.641809463501, 121.022964477539, '', ''),
(32, '2', 'gg', '', 'jjj', '', '', 0, '2014-02-11 00:00:00', '', '', 'W', '', '', '', '', 14.641809463501, 121.022964477539, '', ''),
(33, '2', 'gg', '', 'jjj', 'akjsdjaklsd a', 'AL', 0, '2014-02-11 00:00:00', '', '', 'W', '', '', '', '', 14.641809463501, 121.022964477539, '', '0000-00-00 00:00:00'),
(34, '2', 'gg', '', 'jjj', 'here star', 'AO', 0, '2014-02-11 00:00:00', '', '', 'W', '', '', '', '', 14.641809463501, 121.022964477539, '', '2013-12-15 12:25:09'),
(35, '2', 'gg', '', 'jjj', '', '', 0, '2014-02-11 00:00:00', '', '', 'W', '', '', '', '', 14.641809463501, 121.022964477539, '', ''),
(36, '2', 'gg', '', 'jjj', '', '', 0, '2014-02-11 00:00:00', '', '', 'W', '', '', '', '', 14.641809463501, 121.022964477539, '', ''),
(37, '2', 'gg', '', 'jjj', 'Kuala Lumpur', 'MY', 1, '2014-02-11 00:00:00', '', '0193801733', 'W', '', '', '', '', 100, 100, '', '2014-01-07 18:39:12'),
(38, '2', 'gg', '', 'jjj', '', '', 0, '2014-02-11 00:00:00', '', '', 'W', '', '', '', '', 100, 100, '', ''),
(39, '2', 'gg', '', 'jjj', 'Cagayan de Oro City', 'PH', 1, '2014-02-11 00:00:00', '', '', 'W', '', '', '', '', 100, 100, '', '2014-01-07 12:28:37'),
(40, '2', 'gg', '', 'jjj', 'Aston Kiara 3 Jalan kiara, Kuala Lumpur', 'MY', 2, '2014-02-11 00:00:00', '', '', 'W', '', '', '', '', 100, 100, '', '2014-01-07 03:30:16'),
(41, '2', 'gg', '', 'jjj', '', '', 0, '2014-02-11 00:00:00', '', '', 'W', '', '', '', '', 100, 100, '', ''),
(42, '2', 'gg', '', 'jjj', '', '', 0, '2014-02-11 00:00:00', '', '', 'W', '', '', '', '', 100, 100, '', ''),
(43, '2', 'gg', '', 'jjj', '', '', 0, '2014-02-11 00:00:00', '', '', 'W', '', '', '', '', 100, 100, '', ''),
(44, '2', 'gg', '', 'jjj', '', '', 0, '2014-02-11 00:00:00', '', '', 'W', '', '', '', '', 100, 100, '', ''),
(45, '2', 'gg', '', 'jjj', '', '', 0, '2014-02-11 00:00:00', '', '', 'W', '', '', '', '', 100, 100, '', ''),
(46, '2', 'gg', '', 'jjj', '', '', 0, '2014-02-11 00:00:00', '', '', 'W', '', '', '', '', 100, 100, '', ''),
(47, '2', 'gg', '', 'jjj', '', 'Select you', 1, '2014-02-11 00:00:00', '', '', 'W', '', '', '', '', 100, 100, '', '2014-01-07 12:12:15'),
(48, '2', 'gg', '', 'jjj', '', '', 0, '2014-02-11 00:00:00', '', '', 'W', '', '', '', '', 100, 100, '', ''),
(49, '2', 'gg', '', 'jjj', '', '', 0, '2014-02-11 00:00:00', '', '', 'W', '', '', '', '', 100, 100, '', ''),
(50, '2', 'gg', '', 'jjj', '', '', 0, '2014-02-11 00:00:00', '', '', 'W', '', '', '', '', 100, 100, '', ''),
(51, '2', 'gg', '', 'jjj', '', '', 0, '2014-02-11 00:00:00', '', '', 'W', '', '', '', '', 100, 100, '', ''),
(52, '2', 'gg', '', 'jjj', '', '', 0, '2014-02-11 00:00:00', '', '', 'W', '', '', '', '', 100, 100, '', ''),
(53, '2', 'gg', '', 'jjj', '', '', 0, '2014-02-11 00:00:00', '', '', 'W', '', '', '', '', 100, 100, '', ''),
(54, '2', 'gg', '', 'jjj', '', '', 0, '2014-02-11 00:00:00', '', '', 'W', '', '', '', '', 100, 100, '', ''),
(55, '2', 'gg', '', 'jjj', '', 'PH', 2, '2014-02-11 00:00:00', '', '', 'W', '', '', 'emz_lyn18@yahoo.com', '', 100, 100, '', '2014-01-09 11:27:24'),
(56, '2', 'gg', '', 'jjj', '', 'Select you', 0, '2014-02-11 00:00:00', '', '', 'W', '', '', '', '', 100, 100, '', '2014-01-09 15:50:16'),
(57, '2', 'gg', '', 'jjj', '', '', 0, '2014-02-11 00:00:00', '', '', 'W', '', '', '', '', 100, 100, '', ''),
(58, '2', 'gg', '', 'jjj', '', '', 0, '2014-02-11 00:00:00', '', '', 'W', '', '', '', '', 100, 100, '', ''),
(59, '2', 'gg', '', 'jjj', '', '', 0, '2014-02-11 00:00:00', '', '', 'W', '', '', '', '', 100, 100, '', ''),
(60, '2', 'gg', '', 'jjj', '', '', 0, '2014-02-11 00:00:00', '', '', 'W', '', '', '', '', 100, 100, '', ''),
(61, '2', 'gg', '', 'jjj', '', '', 0, '2014-02-11 00:00:00', '', '', 'W', '', '', '', '', 100, 100, '', ''),
(62, '2', 'gg', '', 'jjj', '', '', 0, '2014-02-11 00:00:00', '', '', 'W', '', '', '', '', 100, 100, '', ''),
(63, '2', 'gg', '', 'jjj', '', '', 0, '2014-02-11 00:00:00', '', '', 'W', '', '', '', '', 100, 100, '', ''),
(64, '2', 'gg', '', 'jjj', '', '', 0, '2014-02-11 00:00:00', '', '', 'W', '', '', '', '', 100, 100, '', ''),
(65, '2', 'gg', '', 'jjj', '', '', 0, '2014-02-11 00:00:00', '', '', 'W', '', '', '', '', 100, 100, '', ''),
(66, '2', 'gg', '', 'jjj', '', '', 0, '2014-02-11 00:00:00', '', '', 'W', '', '', '', '', 100, 100, '', ''),
(67, '2', 'gg', '', 'jjj', '', '', 0, '2014-02-11 00:00:00', '', '', 'W', '', '', '', '', 100, 100, '', ''),
(68, '2', 'gg', '', 'jjj', '', '', 0, '2014-02-11 00:00:00', '', '', 'W', '', '', '', '', 100, 100, '', ''),
(69, '2', 'gg', '', 'jjj', '', '', 0, '2014-02-11 00:00:00', '', '', 'W', '', '', '', '', 100, 100, '', ''),
(70, '2', 'gg', '', 'jjj', '', '', 0, '2014-02-11 00:00:00', '', '', 'W', '', '', '', '', 100, 100, '', ''),
(71, '2', 'gg', '', 'jjj', '', '', 0, '2014-02-11 00:00:00', '', '', 'W', '', '', '', '', 100, 100, '', ''),
(72, '2', 'gg', '', 'jjj', '', '', 0, '2014-02-11 00:00:00', '', '', 'W', '', '', '', '', 100, 100, '', ''),
(73, '2', 'gg', '', 'jjj', '', '', 0, '2014-02-11 00:00:00', '', '', 'W', '', '', '', '', 100, 100, '', ''),
(74, '2', 'Jet', '', 'Rico', '', '', 0, '2014-02-11 00:00:00', '', '', 'W', '', '', '', '', 100, 100, '', ''),
(75, '2', 'gg', '', 'jjj', 'San Pedro', '', 0, '2014-02-11 00:00:00', '', '9297497570', 'W', 'agent.kenken_onSkype', '', '', 'agent.kenken_onGoogle', 100, 100, '', ''),
(76, '2', 'gg', '', 'jjj', '', '', 0, '2014-02-11 00:00:00', '', '', 'W', '', '', '', '', 100, 100, '', ''),
(77, '2', 'gg', '', 'jjj', '', '', 1, '2014-02-11 00:00:00', '', '', 'W', '', '', '', '', 100, 100, '', ''),
(78, '2', '', '', '', '', '', 0, '0000-00-00 00:00:00', '', '', 'W', '', '', '', '', 100, 100, '', ''),
(79, '2', 'john', '', 'pajarillo', 'Marikina City', 'Select you', 0, '0000-00-00 00:00:00', '', '', 'W', '', '', '', '', 100, 100, '', '2014-03-05 23:45:24'),
(80, '2', '', '', '', '', '', 0, '0000-00-00 00:00:00', '', '', 'W', '', '', '', '', 100, 100, '', ''),
(81, '2', '', '', '', '', '', 0, '0000-00-00 00:00:00', '', '', 'W', '', '', '', '', 100, 100, '', ''),
(82, '2', 'Dont', '', 'Wanna', '', '', 1, '1989-12-31 00:00:00', '', '', 'W', '', '', '', '', 100, 100, '', ''),
(83, '2', '', '', '', '', '', 0, '0000-00-00 00:00:00', '', '', 'W', '', '', '', '', 100, 100, '', ''),
(84, '2', 'Jane', '', 'Doe', '', '', 1, '2014-01-28 00:00:00', '', '', 'W', '', '', '', '', 14.641809463501, 121.022964477539, '', ''),
(85, '2', 'Ruel Michael', '', 'Delfin', '', '', 1, '0000-00-00 00:00:00', '', '0', 'W', '', '', '', '', 14.641809463501, 121.022964477539, '', ''),
(86, '2', 'Ruel Michael', '', 'Delfin', '', '', 1, '0000-00-00 00:00:00', '', '', 'W', '', '', '', '', 100, 100, '', ''),
(87, '2', 'Ruel Michael', '', 'Delfin', '', '', 1, '0000-00-00 00:00:00', '', '', 'W', '', '', '', '', 100, 100, '', ''),
(88, '2', 'Ruel Michael', '', 'Delfin', '', '', 1, '0000-00-00 00:00:00', '', '', 'W', '', '', '', '', 100, 100, '', ''),
(89, '2', 'Ruel Michael', '', 'Delfin', '', '', 1, '0000-00-00 00:00:00', '', '', 'W', '', '', '', '', 100, 100, '', ''),
(90, '2', 'Ruel Michael', '', 'Delfin', '', '', 1, '0000-00-00 00:00:00', '', '', 'W', '', '', '', '', 100, 100, '', ''),
(91, '2', 'Ruel Michael', '', 'Delfin', '', '', 1, '0000-00-00 00:00:00', '', '', 'W', '', '', '', '', 100, 100, '', ''),
(92, '2', 'Ruel Michael', '', 'Delfin', '', '', 1, '0000-00-00 00:00:00', '', '', 'W', '', '', '', '', 100, 100, '', ''),
(93, '2', 'Ruel Michael', '', 'Delfin', '', '', 1, '0000-00-00 00:00:00', '', '', 'W', '', '', '', '', 100, 100, '', ''),
(94, '2', 'Ruel Michael', '', 'Delfin', '', '', 1, '0000-00-00 00:00:00', '', '', 'W', '', '', '', '', 100, 100, '', ''),
(95, '2', '', '', '', '', '', 0, '0000-00-00 00:00:00', '', '', 'W', '', '', '', '', 100, 100, '', ''),
(96, '2', '', '', '', '', '', 0, '0000-00-00 00:00:00', '', '', 'W', '', '', '', '', 100, 100, '', ''),
(97, '2', '', '', '', '', '', 0, '0000-00-00 00:00:00', '', '', 'W', '', '', '', '', 100, 100, '', ''),
(98, '2', 'Le', '', 'Docta', '', '', 0, '0000-00-00 00:00:00', '', '0', 'W', 'E', '', '', 'F', 100, 100, '', ''),
(99, '2', '', '', '', '', '', 0, '0000-00-00 00:00:00', '', '', 'W', '', '', '', '', 100, 100, '', ''),
(100, '2', '', '', '', '', '', 0, '0000-00-00 00:00:00', '', '', 'W', '', '', '', '', 100, 100, '', ''),
(101, '2', '', '', '', '', '', 0, '0000-00-00 00:00:00', '', '', 'W', '', '', '', '', 100, 100, '', ''),
(102, '2', 'John', '', 'Pajarillo', '', '', 1, '2014-03-07 00:00:00', '', '', 'W', '', '', '', '', 100, 100, '', ''),
(103, '2', '', '', '', '', '', 0, '0000-00-00 00:00:00', '', '', 'W', '', '', '', '', 100, 100, '', ''),
(104, '2', '', '', '', '', '', 0, '0000-00-00 00:00:00', '', '', 'W', '', '', '', '', 100, 100, '', '');

INSERT INTO `patient_profile` (`user_id`, `blood_type`, `weight`, `height`, `updated`) VALUES
(30, '', '', '', '2014-03-05 09:21:09'),
(31, '', '', '', ''),
(32, '', '', '', ''),
(33, '', '', '', '0000-00-00 00:00:00'),
(34, '', '', '', '2013-12-15 12:25:09'),
(35, '', '', '', ''),
(36, '', '', '', ''),
(37, '', '', '', '2014-01-07 18:39:12'),
(38, '', '', '', ''),
(39, '', '', '', '2014-01-07 12:28:37'),
(40, '', '', '', '2014-01-07 03:30:16'),
(41, '', '', '', ''),
(42, '', '', '', ''),
(43, '', '', '', ''),
(44, '', '', '', ''),
(45, '', '', '', ''),
(46, '', '', '', ''),
(47, '', '', '', '2014-01-07 12:12:15'),
(48, '', '', '', ''),
(49, '', '', '', ''),
(50, '', '', '', ''),
(51, '', '', '', ''),
(52, '', '', '', ''),
(53, '', '', '', ''),
(54, '', '', '', ''),
(55, '', '', '', '2014-01-09 11:27:24'),
(56, '', '', '', '2014-01-09 15:50:16'),
(57, '', '', '', ''),
(58, '', '', '', ''),
(59, '', '', '', ''),
(60, '', '', '', ''),
(61, '', '', '', ''),
(62, '', '', '', ''),
(63, '', '', '', ''),
(64, '', '', '', ''),
(65, '', '', '', ''),
(66, '', '', '', ''),
(67, '', '', '', ''),
(68, '', '', '', ''),
(69, '', '', '', ''),
(70, '', '', '', ''),
(71, '', '', '', ''),
(72, '', '', '', ''),
(73, '', '', '', ''),
(74, '', '', '', ''),
(75, '', '', '', ''),
(76, '', '', '', ''),
(77, '', '', '', ''),
(78, '', '', '', ''),
(79, '', '', '', '2014-03-05 23:45:24'),
(80, '', '', '', ''),
(81, '', '', '', ''),
(82, '', '', '', ''),
(83, '', '', '', '');

INSERT INTO `physician_profile` (`user_id`, `about`, `specialization_1`, `license_no`, `medical_school`, `medical_school_year`, `updated`) VALUES
(84, '', '', '', '', '', '0000-00-00 00:00:00'),
(85, '', '', '', '', '', '0000-00-00 00:00:00'),
(86, '', '', '', '', '', '0000-00-00 00:00:00'),
(87, '', '', '', '', '', '0000-00-00 00:00:00'),
(88, '', '', '', '', '', '0000-00-00 00:00:00'),
(89, '', '', '', '', '', '0000-00-00 00:00:00'),
(90, '', '', '', '', '', '0000-00-00 00:00:00'),
(91, '', '', '', '', '', '0000-00-00 00:00:00'),
(92, '', '', '', '', '', '0000-00-00 00:00:00'),
(93, '', '', '', '', '', '0000-00-00 00:00:00'),
(94, '', '', '', '', '', '0000-00-00 00:00:00'),
(95, '', '', '', '', '', '0000-00-00 00:00:00'),
(96, '', '', '', '', '', '0000-00-00 00:00:00'),
(97, '', '', '', '', '', '0000-00-00 00:00:00'),
(98, '', '', '', '', '', '0000-00-00 00:00:00'),
(99, '', '', '', '', '', '0000-00-00 00:00:00'),
(100, '', '', '', '', '', '0000-00-00 00:00:00'),
(101, '', '', '', '', '', '0000-00-00 00:00:00'),
(102, '', '', '', '', '', '0000-00-00 00:00:00'),
(103, '', '', '', '', '', '0000-00-00 00:00:00'),
(104, '', '', '', '', '', '0000-00-00 00:00:00');